id;uid_client;name_client;product_client;comment;description;statut
1;reciprocal withdrawal;synthesize compressing;multi-byte Administrateur;paradigm;foreground XSS engage;FIELD_TEST
2;Adaptive Nord-Pas-de-Calais Handcrafted;c online;neural content;Jewelery c;Licensed;IN_TEST
3;c;Account Concrete;web;Taiwan Wooden back-end;Avon online;SUSPENDED
4;paradigms transitional Multi-layered;parsing orange copying;encoding Canada;b a;payment;IN_TEST
5;Agent overriding;payment;background magenta;Music leverage Pants;Market Gorgeous;PUBLISHED
6;Niger Manager;JBOD optical;Executif invoice;Nauru;b Soap;SUSPENDED
7;feed;b cutting-edge Account;copying viral systems;invoice cohesive;Corse generating;IN_TEST
8;Fresh c;reintermediate e-business Loan;Shoes;hack synthesize alarm;navigate;SUSPENDED
9;Kina revolutionary bus;drive;Midi-Pyrénées Mongolie;Franche-Comté Colombie;Account Hat;IN_TEST
10;panel;content;bandwidth Korean Berkshire;Customizable Montmorency parse;Multi-channelled;FIELD_TEST
