id;uid_version_cible;name_version_cible;comment;description;create_date;modify_by;modifid_date
1;withdrawal;users Concrete compress;Chine;Garden channels Computer;Computer Nicaragua;Automotive Sports Lombards;Mandatory Streamlined
2;asynchronous Account invoice;one-to-one Unbranded;auxiliary b;Rivoli copying;neural Kids;Saint-Séverin silver;Specialiste quantifying
3;Practical compressing Progressive;a XML Soft;portals Developpeur;Outdoors;Ball Analyste mobile;synergies Health auxiliary;Music Berkshire c
4;connecting;Avon;Developpeur enterprise;Tuvalu mission-critical Molière;database;synthesizing open-source;Wooden Steel
5;schemas c a;Somali;capability maximized;maximize;lime bypass;generate Granite;withdrawal pink invoice
6;navigate Refined;calculate;overriding Borders Pants;Home;Jewelery;green Argentine c;Technicien virtual
7;grey Bedfordshire c;Frozen Devolved;Harpe Avon SCSI;parsing;framework Wooden Midi-Pyrénées;methodologies navigating;Movies
8;transmit;Ruble;withdrawal eco-centric program;auxiliary;transmitting Keyboard microchip;b Frozen Basse-Normandie;Ergonomic c program
9;Books Kids Rhône-Alpes;Account;primary Account;full-range;Sleek la Argentine;Directeur Frozen Haïti;Beauty Shoes pink
10;ubiquitous;quantify b;Executif Frozen;Car;upward-trending;Iran Rustic;Cotton Right-sized program
