id;uid_version_applicable;name_version_applicable;comment;description;create_date;modify_by;modifid_date
1;Fantastic;Buckinghamshire Unbranded Metal;Languedoc-Roussillon recontextualize Poitou-Charentes;Metal Buckinghamshire Wooden;Tasty ROI;up robust Directeur;EXE
2;Account b;Swaziland;Granite d'Orsel Chips;Franche-Comt√©;Frozen;invoice firewall;wireless repurpose
3;array a;extensible program synthesize;Agent;SCSI;Technicien;bypassing Corse;de Gloves Plastic
4;responsive;Checking application;monitor;Industrial;Health;Bedfordshire edge;Pataca
5;networks;HDD;JBOD;SAS;Fish;withdrawal array monetize;Rubber
6;auxiliary;protocol Loan;Multi-channelled Car;redundant wireless;deposit Up-sized;Pound digital Mouse;Consultant Gambie b
7;Tuvalu mesh seize;HTTP;web-enabled extensible Handcrafted;c;deposit neural;withdrawal;utilize
8;c;migration Bacon;SMS;Universal Ball platforms;context-sensitive;benchmark;User-friendly Islande
9;Unbranded;Lituanie Baby plug-and-play;Avon orchid index;navigating redefine;Superviseur Autriche;capacitor RAM;Gloves
10;Health Industrial composite;Islande;Ingenieur a Fresh;feed;generate;Bourgogne proactive;a a
